,p1,p2
0,0,1972
2,0,138
3,0,3053
4,0,1473
5,0,4978
10,0,3874
12,0,98
14,0,1547
15,0,3622
17,0,5455
20,0,1849
21,0,980
22,0,1578
24,0,876
28,0,2524
29,0,961
30,0,5154
31,0,3372
32,0,2639
33,0,3099
35,0,1909
36,0,4537
40,0,5855
41,0,4157
42,0,2051
44,1,4413
45,1,4896
49,1,2565
54,1,3699
56,1,3849
58,1,1618
60,1,3550
62,1,5729
419,44,4541
420,44,4739
421,44,3283
424,44,3126
425,44,2175
426,44,4855
428,44,2842
431,44,3924
433,44,5474
434,44,2469
437,44,2798
438,44,3027
440,44,1009
443,44,4100
444,44,2395
447,44,4144
450,44,2372
451,44,472
453,44,1978
454,44,4520
512,47,3008
1202,93,522
1203,93,3611
1206,93,3506
1209,93,1122
1210,93,5545
1215,93,3080
1218,93,2202
1219,93,4156
1221,93,5678
1224,93,5533
1227,93,4217
1228,93,4323
1231,93,3957
1232,93,5188
1236,93,3603
1242,93,3321
1244,93,1059
1247,93,1582
1248,93,2612
1250,93,1573
1253,93,2673
1264,94,3457
1266,94,2993
1317,98,1178
1321,98,4914
1323,98,729
1324,98,3260
1327,98,2792
1328,98,5202
1329,98,4185
1330,98,1344
1331,98,1547
1333,98,3622
1334,98,4749
1335,98,4549
1338,98,1849
1340,98,961
1346,98,1558
1348,98,2524
1349,98,3099
1351,98,4293
1353,98,2051
1354,98,297
1358,98,1279
1359,98,5093
1361,98,1475
1362,98,848
1365,98,4623
1370,98,2730
1374,98,676
1379,98,2639
1380,98,4680
1383,98,2647
1385,98,4498
1387,98,1972
1388,98,2555
1391,98,5574
1396,98,3242
1398,98,885
1399,98,1976
1404,98,3489
1405,98,1137
1410,98,432
1411,98,698
1412,98,3684
1413,98,876
1414,98,2759
1415,98,4598
1419,98,5154
1421,98,5065
1422,98,1220
1424,98,3327
1425,98,1224
1429,98,2086
1430,98,5779
1431,98,3694
1432,98,3817
1434,98,2600
1438,98,169
1441,98,5785
1442,98,980
1443,98,5855
1446,98,2015
1448,98,1909
1449,98,2979
1452,98,4537
1454,98,5621
1457,98,4911
1544,108,885
1546,108,2702
1547,108,2086
1548,108,479
1550,108,5779
1552,108,2558
1554,108,4856
1556,108,2527
1557,108,2171
1558,108,1976
1563,108,1279
1566,108,1137
1567,108,2916
1568,108,3817
1569,108,5065
1570,108,1931
1572,108,899
1574,108,2540
1576,108,1621
1577,108,5574
1578,108,3256
1580,108,420
1582,108,4293
1583,108,4992
1585,108,2979
1586,108,4914
1587,108,4804
1588,108,5621
1591,108,297
1592,108,5599
1792,114,2932
1793,114,3379
1818,120,4400
2013,3006,2292
2015,3006,3748
2016,3006,4637
2018,3006,1267
2064,138,1972
2065,138,5154
2066,138,2524
2071,138,2639
2072,138,676
2075,138,876
2077,138,4978
2079,138,3622
2082,138,2051
2460,160,4414
2467,160,2417
2478,160,5417
2528,165,3523
2536,165,3752
2540,165,674
2544,165,2417
2545,165,1797
2552,165,1386
2561,165,4354
2588,169,1224
2592,169,2555
2594,169,1344
2596,169,1279
2597,169,3260
2600,169,1475
2603,169,140
2605,169,2792
2606,169,5202
2608,169,4537
2609,169,4185
2617,169,4598
2618,169,4749
2620,169,3489
2621,169,2730
2623,169,5093
2624,169,1849
2627,169,1621
2628,169,432
2630,169,4943
2631,169,698
2635,169,3684
2637,169,2759
2638,169,1558
2641,169,2015
2644,169,2524
2645,169,1909
2646,169,3099
2649,169,2600
2652,169,2647
2653,169,5785
2654,169,1220
2656,169,5855
2658,169,4498
2659,169,4911
2668,171,2469
2669,171,3027
2894,179,1250
2896,179,3305
2899,179,1590
2900,179,1397
2901,179,190
2902,179,911
2903,179,4333
2904,179,5718
2907,179,2141
2908,179,384
2910,179,901
2912,179,3768
2913,179,1770
2914,179,4193
2916,179,1983
2917,179,3229
2918,179,2634
2919,179,2035
2922,179,435
2925,179,1436
2928,179,5086
2929,179,1971
2931,179,5705
2932,179,3182
2935,179,3637
2937,179,2612
2939,179,2925
2940,179,4883
2941,179,1145
2942,179,4228
3049,190,3080
3051,190,1983
3053,190,3696
3058,190,3305
3059,190,3506
3060,190,5678
3063,190,901
3064,190,3108
3065,190,1590
3067,190,4193
3070,190,2034
3071,190,3229
3076,190,4005
3077,190,1215
3079,190,4883
3083,190,3603
3084,190,2868
3086,190,5086
3088,190,3609
3091,190,5705
3094,190,4583
3095,190,3211
3096,190,1770
3097,190,2612
3100,190,4796
3101,190,1145
3102,190,5420
3103,190,3315
3104,190,4759
3952,240,575
3955,240,3008
3958,240,3296
4147,269,3008
4415,297,2764
4418,297,2086
4419,297,479
4421,297,5779
4422,297,5574
4423,297,420
4426,297,3256
4429,297,5785
4430,297,5065
4432,297,4598
4433,297,961
4435,297,2558
4437,297,4293
4438,297,4992
4439,297,2979
4440,297,2527
4441,297,4804
4442,297,5621
4445,297,5599
4598,315,4541
4599,315,4739
4600,315,3027
4601,315,4144
4603,315,2469
4605,315,4100
4743,330,795
4860,343,3008
4873,4992,885
4875,4992,2702
4876,4992,2086
4877,4992,479
4879,4992,4810
4880,4992,5574
4881,4992,420
4883,4992,4856
4886,4992,1976
4887,4992,2540
4889,4992,4914
4891,4992,1137
4892,4992,2916
4893,4992,3817
4894,4992,5065
4895,4992,1931
4897,4992,5779
4900,4992,4598
4901,4992,3256
4902,4992,2558
4904,4992,4293
4906,4992,2979
4907,4992,2527
4908,4992,4804
4909,4992,5621
4912,4992,5855
4914,4992,5599
5169,377,1885
5175,377,433
5176,377,4954
5179,377,3413
5186,377,5679
5231,384,1250
5233,384,3305
5235,384,1590
5236,384,911
5237,384,5718
5240,384,4583
5243,384,3768
5244,384,1770
5245,384,4193
5246,384,1983
5247,384,1998
5248,384,2634
5250,384,435
5251,384,901
5253,384,5086
5254,384,1971
5255,384,3182
5256,384,1397
5258,384,4333
5259,384,2141
5260,384,2925
5262,384,4228
5743,420,885
5744,420,2086
5745,420,479
5747,420,2558
5754,420,4914
5756,420,1137
5757,420,2916
5758,420,3817
5759,420,1931
5762,420,5154
5764,420,4293
5765,420,2979
5766,420,2527
5767,420,4804
5768,420,5065
5770,420,5599
5903,432,1224
5906,432,1344
5912,432,2600
5913,432,5093
5914,432,3242
5916,432,4185
5917,432,3018
5921,432,5312
5922,432,2730
5923,432,4749
5924,432,1849
5927,432,4943
5928,432,698
5930,432,2260
5931,432,961
5932,432,1909
5933,432,4537
5934,432,2647
5935,432,5855
5936,432,4911
5939,433,1885
5940,433,3264
5941,433,5679
5946,433,4954
5948,433,3413
5952,433,2514
5986,435,1250
5987,435,3305
5989,435,1590
5990,435,911
5991,435,5718
5992,435,1998
5994,435,4583
5996,435,3768
5997,435,1770
5998,435,4193
5999,435,1983
6000,435,3229
6001,435,2634
6002,435,2035
6004,435,901
6007,435,5034
6009,435,5705
6010,435,3182
6012,435,1397
6014,435,4333
6015,435,2141
6016,435,2925
6018,435,5621
6019,435,4228
6438,470,1224
6439,470,809
6440,470,1622
6441,470,4680
6443,470,3260
6446,470,2205
6447,470,3694
6450,470,5312
6451,470,5855
6453,470,4155
6454,470,4911
6468,472,4739
6469,472,3027
6470,472,2842
6471,472,1009
6474,472,508
6475,472,2175
6476,472,2395
6477,472,4855
6479,472,2469
6515,478,1507
6516,478,3008
6517,479,1344
6518,479,2086
6519,479,4914
6520,479,5574
6522,479,4856
6524,479,3242
6530,479,2558
6531,479,1931
6536,479,4293
6538,479,2979
6539,479,2527
6541,479,5065
6927,508,3283
6929,508,4739
6930,508,3027
6931,508,3924
6933,508,4144
6934,508,1009
6937,508,2798
6938,508,4100
6940,508,2469
6942,508,2842
6951,510,3994
6952,510,2413
6963,510,3752
6964,510,674
6977,510,4354
7216,522,3611
7218,522,4439
7219,522,3965
7220,522,5545
7224,522,2202
7225,522,5533
7226,522,1573
7227,522,4642
7228,522,3957
7229,522,5188
7232,522,3321
7233,522,3452
7234,522,1059
7236,522,3108
7238,522,2673
7362,533,5670
7363,533,3008
7763,575,3008
7880,587,2081
7881,587,1507
7885,587,3379
8056,599,3379
9084,674,3752
9104,676,2555
9108,676,3874
9110,676,3622
9114,676,2639
9115,676,876
9116,676,1558
9120,676,3099
9121,676,1909
9122,676,5785
9124,676,5855
9126,676,2051
9230,686,5396
9322,696,1553
9326,696,3457
9350,698,1279
9352,698,848
9355,698,5093
9356,698,1373
9357,698,3242
9358,698,2759
9359,698,1344
9365,698,2730
9367,698,1849
9369,698,2015
9371,698,876
9372,698,3684
9375,698,1558
9376,698,4598
9378,698,961
9379,698,2524
9380,698,3099
9381,698,3489
9383,698,3747
9384,698,2647
9385,698,5785
9387,698,5855
9389,698,4911
9425,3108,3696
9426,3108,4439
9427,3108,1785
9447,705,3379
9504,712,1382
9506,712,3008
9584,722,5666
9586,722,1144
9874,729,2524
9877,729,5855
9878,729,1373
9879,729,1558
9880,729,3747
10068,740,3008
10376,4623,1224
10379,4623,885
10381,4623,4914
10386,4623,4749
10390,4623,4498
10392,4623,5599
10529,782,4299
10531,782,3008
10716,795,5666
10718,795,1144
10720,795,4400
10722,795,1146
10840,809,2260
10841,809,4155
10843,809,4680
10844,809,5263
10848,809,3694
10849,809,2205
10850,809,5093
10851,809,5312
10853,809,3260
10974,820,1144
11194,140,2015
11196,140,2524
11197,140,4498
11199,140,2639
11201,140,2647
11202,140,3684
11204,140,5855
11205,140,5785
11262,848,1972
11266,848,2600
11267,848,5093
11269,848,3053
11273,848,1578
11274,848,2639
11276,848,2759
11277,848,2015
11278,848,961
11279,848,3099
11280,848,4537
11282,848,2051
11298,852,1146
11493,876,1972
11496,876,3053
11498,876,2524
11500,876,4978
11504,876,3874
11506,876,1547
11507,876,3622
11510,876,3489
11511,876,5455
11513,876,980
11514,876,1578
11515,876,2569
11518,876,1473
11520,876,3684
11522,876,2759
11524,876,3372
11525,876,961
11526,876,5154
11527,876,4157
11528,876,2639
11532,876,1909
11534,876,3099
11536,876,5855
11538,876,2051
11657,885,1224
11659,885,1178
11661,885,2555
11662,885,1344
11663,885,1279
11664,885,5779
11670,885,5093
11671,885,1373
11673,885,3242
11674,885,1849
11679,885,4749
11680,885,4914
11686,885,1931
11688,885,2015
11689,885,2639
11691,885,5065
11692,885,3684
11696,885,4598
11698,885,961
11700,885,2524
11701,885,1909
11702,885,3099
11703,885,3489
11705,885,2979
11707,885,2647
11708,885,5785
11710,885,5855
11712,885,4911
11713,886,4323
11714,886,3696
11715,886,1785
11719,886,1122
11774,894,2178
11775,894,1144
11777,894,4562
11809,901,1250
11810,901,5718
11811,901,4759
11812,901,5705
11813,901,3229
11814,901,1397
11816,901,4333
11817,901,1590
11819,901,3768
11878,911,1590
11881,911,3768
11883,911,1770
11884,911,4193
11886,911,1983
11887,911,3229
11891,911,5705
11892,911,1397
11894,911,4333
11895,911,2925
11896,911,4228
11931,914,3008
12094,935,4648
12096,935,3379
12216,950,2687
12218,950,3008
12222,950,1823
12223,950,3510
12224,950,4250
12225,950,4299
12227,950,1649
12328,961,1224
12329,961,1972
12330,961,1178
12332,961,1344
12334,961,3694
12337,961,5093
12340,961,3242
12341,961,2759
12342,961,4185
12345,961,1547
12347,961,3622
12349,961,4749
12350,961,3489
12351,961,5455
12354,961,1849
12356,961,980
12358,961,1578
12361,961,5154
12368,961,4598
12369,961,5263
12372,961,3053
12373,961,2524
12375,961,3099
12377,961,1909
12378,961,4537
12379,961,2051
12380,961,4804
12381,961,2647
12382,961,5785
12383,961,2015
12384,961,3684
12385,961,5855
12386,961,4498
12388,961,4911
12516,980,1972
12518,980,4978
12521,980,4157
12522,980,1547
12523,980,3622
12526,980,2569
12527,980,2639
12530,980,2524
12531,980,2015
12532,980,5154
12534,980,3099
12536,980,5855
12537,980,2051
12750,1009,4541
12751,1009,4739
12752,1009,3283
12754,1009,3126
12755,1009,2175
12756,1009,4855
12759,1009,2842
12760,1009,5474
12763,1009,2798
12764,1009,3027
12766,1009,2469
12768,1009,4100
12771,1009,4144
12775,1009,1978
12776,1009,4520
13289,1059,3321
13290,1059,2202
13291,1059,3452
13293,1059,1785
13294,1059,3957
13295,1059,5188
13297,1059,5545
13298,1059,4642
13299,1059,5533
13300,1059,3611
13485,1070,5266
13486,1070,1206
13600,1079,4562
13602,1079,1144
13608,1080,3752
14050,1122,3080
14053,1122,2202
14054,1122,3696
14059,1122,1785
14062,1122,2612
14063,1122,4323
14066,1122,4883
14067,1122,1436
14068,1122,3609
14071,1122,1396
14072,1122,4796
14074,1122,4759
14228,1137,1178
14230,1137,2555
14231,1137,2702
14232,1137,2086
14234,1137,4810
14235,1137,5574
14237,1137,4856
14241,1137,1931
14243,1137,3489
14244,1137,3817
14245,1137,1849
14246,1137,5779
14248,1137,3684
14249,1137,2759
14251,1137,2015
14253,1137,2558
14255,1137,4293
14256,1137,2979
14259,1137,4804
14260,1137,2527
14261,1137,5065
14262,1137,5855
14264,1137,5599
14421,1144,1162
14424,1144,5811
14425,1144,1146
14427,1144,1302
14429,1144,3193
14430,1144,5568
14431,1144,2178
14432,1144,1960
14435,1144,5433
14437,1144,5385
14439,1144,4400
14440,1144,4556
14441,1144,3771
14446,1144,2696
14447,1144,5605
14450,1144,5666
14452,1144,4562
14455,1145,3305
14459,1145,1590
14462,1145,2034
14463,1145,5718
14464,1145,3696
14468,1145,3768
14469,1145,2612
14470,1145,4193
14473,1145,1983
14475,1145,2634
14476,1145,1215
14478,1145,4883
14483,1145,5705
14485,1145,1396
14486,1145,3211
14487,1145,1397
14489,1145,4333
14492,1145,4759
14493,1146,5385
14494,1146,1162
14496,1146,2178
14735,1178,1344
14736,1178,2086
14737,1178,1279
14739,1178,5779
14740,1178,5574
14743,1178,2979
14745,1178,2792
14746,1178,1373
14748,1178,3242
14750,1178,3256
14751,1178,4185
14754,1178,5621
14755,1178,4749
14757,1178,3489
14758,1178,2730
14759,1178,3817
14760,1178,5093
14763,1178,1849
14765,1178,2015
14767,1178,3684
14769,1178,4598
14772,1178,4293
14774,1178,4537
14775,1178,3099
14776,1178,4804
14777,1178,2647
14778,1178,5785
14780,1178,5855
14784,1178,4911
15045,1206,4549
15046,1206,5266
15047,1206,2805
15093,1215,4796
15098,1215,3211
15099,1215,3696
15100,1215,1385
15102,1215,3603
15104,1215,3080
15110,1215,3506
15111,1215,5678
15112,1215,3609
15113,1215,3699
15117,1215,2565
15118,1215,3768
15120,1215,4217
15122,1215,1995
15123,1215,2034
15124,1215,3315
15126,1215,2634
15129,1215,4005
15132,1215,4883
15135,1215,1436
15139,1215,5086
15141,1215,5729
15142,1215,4500
15143,1215,4156
15146,1215,3099
15148,1215,1396
15149,1215,5420
15151,1215,2612
15156,1215,4759
15174,1220,1344
15175,1220,1279
15180,1220,5093
15181,1220,4185
15185,1220,1849
15186,1220,2015
15190,1220,4598
15193,1220,1909
15194,1220,3099
15196,1220,2647
15198,1220,5855
15199,1220,4498
15201,1220,4911
15214,1224,3760
15215,1224,3260
15216,1224,5093
15217,1224,5202
15218,1224,1373
15219,1224,3242
15221,1224,2205
15222,1224,3489
15224,1224,1849
15226,1224,2015
15227,1224,4598
15228,1224,1622
15230,1224,2524
15231,1224,1909
15232,1224,3099
15233,1224,4680
15234,1224,2260
15235,1224,2600
15236,1224,4437
15237,1224,5785
15239,1224,5855
15240,1224,4498
15241,1224,4911
15463,1248,3717
15466,1248,3132
15472,1248,2321
15500,1250,5705
15501,1250,1983
15502,1250,3229
15503,1250,3305
15505,1250,3315
15506,1250,1397
15507,1250,4333
15508,1250,2035
15513,1250,4193
15518,1252,1446
15519,1252,4954
15521,1252,4210
15524,1252,2292
15525,1252,1885
15526,1252,3748
15527,1252,4637
15528,1252,5679
15531,1252,1267
15532,1252,4122
15665,1267,2292
15666,1267,4637
15879,1972,3053
15881,1972,2524
15883,1972,4978
15886,1972,4185
15887,1972,3874
15890,1972,3622
15892,1972,3489
15893,1972,5455
15895,1972,1578
15896,1972,2569
15897,1972,2639
15899,1972,1473
15902,1972,5154
15903,1972,2759
15905,1972,3372
15907,1972,4157
15911,1972,4537
15912,1972,1547
15913,1972,3099
15915,1972,5855
15917,1972,2051
15926,1279,1344
15927,1279,5779
15930,1279,5093
15931,1279,3242
15935,1279,3489
15936,1279,4749
15937,1279,1849
15938,1279,4185
15940,1279,2759
15942,1279,4598
15943,1279,2015
15945,1279,2524
15946,1279,1909
15947,1279,3099
15948,1279,2527
15949,1279,2647
15950,1279,5785
15952,1279,5855
15954,1279,4911
15955,1279,5599
16162,1295,3008
16177,1302,5666
16239,1317,3008
16493,1344,2702
16494,1344,2086
16495,1344,5574
16499,1344,5093
16501,1344,3242
16503,1344,4185
16507,1344,3489
16509,1344,4749
16510,1344,1849
16512,1344,1621
16515,1344,3684
16516,1344,2759
16518,1344,4598
16519,1344,2015
16522,1344,2524
16523,1344,3099
16526,1344,2979
16527,1344,3817
16528,1344,2647
16529,1344,5785
16531,1344,5855
16533,1344,4498
16534,1344,4911
16570,1353,3752
16845,1373,3747
16848,1373,4749
16849,1373,5093
16850,1373,5855
16851,1373,1558
16921,1382,3008
16926,1382,5034
16938,1385,1983
16945,1385,2565
16946,1385,5729
17022,1396,4323
17028,1396,2612
17029,1396,3211
17031,1396,3696
17032,1396,1995
17036,1397,3305
17040,1397,1590
17042,1397,1983
17043,1397,5718
17044,1397,1998
17047,1397,3768
17048,1397,1770
17049,1397,4193
17050,1397,2034
17051,1397,3229
17052,1397,3315
17053,1397,2634
17055,1397,4883
17059,1397,5086
17062,1397,5705
17063,1397,3211
17065,1397,4333
17066,1397,2141
17068,1397,4228
17069,1397,4759
17756,1446,4637
17759,1446,3748
17949,1460,3008
18101,1473,3874
18102,1473,2524
18104,1473,2639
18105,1473,1547
18109,1473,4978
18110,1473,5093
18112,1473,5154
18114,1473,2051
18262,1475,1622
18263,1475,2015
18265,1475,5263
18266,1475,3260
18270,1475,5683
18271,1475,4185
18274,1475,5093
18474,1507,5670
18475,1507,3008
18478,1507,4299
18833,1547,4978
18834,1547,5093
18838,1547,3874
18839,1547,3622
18840,1547,5455
18843,1547,1578
18844,1547,2569
18845,1547,2639
18849,1547,2759
18850,1547,2524
18851,1547,5154
18852,1547,3372
18856,1547,5855
18857,1547,2051
18956,1558,2015
18959,1558,5093
18962,1558,4749
18963,1558,5855
18964,1558,2759
18965,1558,3747
19089,1573,4642
19090,1573,3611
19093,1573,3957
19094,1573,3506
19097,1573,5545
19101,1573,3321
19130,1578,4978
19132,1578,3874
19133,1578,3053
19137,1578,2639
19139,1578,3684
19141,1578,5154
19142,1578,2524
19145,1578,4537
19147,1578,5785
19148,1578,2051
19149,1578,4911
19211,1582,3321
19214,1582,5545
19252,1590,1971
19254,1590,5718
19257,1590,4583
19259,1590,3768
19260,1590,2612
19261,1590,4193
19262,1590,1983
19263,1590,3229
19264,1590,2035
19271,1590,1770
19272,1590,5705
19273,1590,3182
19276,1590,4333
19277,1590,2141
19278,1590,2925
19280,1590,4228
19281,1590,4759
19661,1618,4413
19663,1618,3018
19664,1618,3200
19665,1618,4632
19668,1618,3699
19669,1618,2565
19670,1618,4128
19674,1618,3550
19675,1618,5729
19680,1621,2015
19682,1621,5855
19683,1621,2524
19684,1621,1909
19685,1621,1931
19688,1621,5574
19689,1621,2086
19691,1621,5093
19695,1621,4598
19697,1622,5263
19698,1622,3260
19699,1622,4155
19702,1622,3948
19704,1622,5312
19706,1622,2205
19707,1622,5683
19710,1622,4680
19711,1622,5855
19712,1622,4911
19878,1635,3008
20054,1649,1920
20055,1649,3008
20058,1649,3463
20059,1649,5350
20060,1649,4299
20169,1667,1920
20170,1667,3008
20820,1720,3489
20821,1720,4749
20822,1720,2792
20888,1727,5666
21122,1770,1983
21125,1770,3768
21126,1770,2034
21127,1770,3229
21128,1770,2634
21132,1770,5705
21133,1770,3182
21135,1770,4333
21136,1770,2925
21138,1770,4228
21216,1781,2696
21227,1785,3080
21228,1785,2202
21229,1785,3696
21231,1785,4323
21232,1785,2034
21233,1785,3603
21237,1785,5420
21589,1823,3008
21592,1823,4299
21839,1849,2086
21843,1849,2792
21846,1849,3242
21848,1849,4185
21851,1849,4749
21852,1849,3489
21854,1849,2730
21855,1849,5093
21857,1849,2015
21860,1849,5065
21861,1849,3684
21863,1849,2759
21864,1849,4598
21865,1849,2524
21869,1849,1909
21870,1849,3099
21871,1849,4293
21873,1849,4537
21875,1849,2647
21876,1849,5621
21878,1849,5855
21880,1849,5785
21881,1849,4911
21882,1850,2932
22273,1885,2292
22274,1885,3413
22275,1885,4954
22283,1885,5679
22333,3297,3752
22435,1909,2792
22437,1909,3242
22439,1909,4185
22441,1909,3622
22442,1909,4749
22444,1909,5312
22446,1909,4549
22448,1909,3489
22450,1909,2730
22452,1909,3817
22453,1909,5093
22459,1909,3684
22461,1909,2759
22462,1909,4598
22463,1909,5729
22464,1909,2260
22466,1909,2015
22467,1909,2524
22468,1909,3099
22469,1909,4680
22470,1909,2979
22472,1909,5785
22473,1909,2647
22474,1909,5065
22476,1909,5855
22479,1909,4498
22481,1909,4911
22569,1918,3717
22673,1931,2702
22674,1931,2086
22676,1931,4810
22677,1931,5574
22679,1931,2171
22680,1931,1976
22682,1931,3817
22683,1931,5779
22685,1931,2540
22688,1931,2558
22689,1931,4293
22690,1931,2979
22691,1931,2527
22692,1931,4804
22693,1931,5065
22951,1960,2214
22953,1960,2696
23112,1971,5718
23114,1971,2141
23115,1971,4193
23116,1971,3229
23117,1971,2634
23120,1971,5705
23121,1971,3182
23122,1971,3211
23124,1971,4333
23126,1971,2925
23143,1976,2171
23144,1976,2086
23145,1976,4914
23146,1976,5574
23147,1976,2558
23149,1976,3817
23152,1976,4598
23154,1976,4293
23156,1976,2979
23157,1976,4804
23158,1976,5621
23159,1976,5855
23161,1976,5599
23172,1978,2798
23173,1978,4739
23174,1978,3027
23175,1978,4144
23176,1978,2842
23177,1978,5474
23178,1978,4100
23179,1978,2175
23180,1978,2469
23208,1983,4541
23209,1983,5718
23212,1983,2141
23214,1983,3768
23215,1983,2612
23216,1983,4193
23217,1983,2034
23218,1983,3229
23219,1983,2634
23225,1983,5705
23226,1983,2035
23227,1983,3182
23228,1983,4883
23230,1983,4333
23232,1983,2925
23234,1983,4228
23235,1983,4759
23343,1995,3211
23348,1995,4759
23350,1995,5729
23395,1998,4583
23397,1998,4333
23400,1998,3768
23403,1998,2612
23513,2015,2792
23514,2015,5202
23515,2015,4185
23517,2015,4749
23523,2015,2524
23525,2015,3099
23530,2015,5093
23534,2015,2730
23535,2015,2639
23536,2015,5263
23537,2015,2260
23538,2015,4680
23539,2015,2647
23540,2015,5855
23541,2015,4498
23544,2015,2555
23547,2015,3242
23549,2015,3489
23550,2015,5683
23551,2015,3684
23552,2015,2759
23553,2015,4598
23555,2015,5785
23559,2015,2600
23565,2015,4537
23566,2015,4911
23727,2034,3305
23728,2034,3506
23729,2034,5678
23730,2034,3609
23733,2034,2565
23734,2034,3768
23736,2034,4193
23740,2034,2634
23741,2034,4005
23743,2034,4883
23746,2034,3696
23748,2034,5729
23750,2034,5705
23751,2034,3211
23752,2034,2612
23754,2034,4759
23755,2035,3305
23756,2035,4333
23762,2037,3008
23912,2051,3053
23914,2051,4978
23917,2051,2759
23919,2051,3874
23920,2051,4157
23922,2051,3622
23924,2051,5455
23926,2051,2569
23927,2051,2639
23932,2051,5154
23933,2051,3372
23956,2055,5428
23958,2055,4448
23959,2055,2805
23962,2055,5451
23963,2055,4549
24185,2069,3008
24259,2081,3008
24308,2086,2171
24309,2086,2702
24311,2086,5779
24312,2086,5574
24316,2086,5093
24317,2086,4856
24319,2086,2764
24320,2086,2540
24323,2086,4914
24325,2086,2916
24326,2086,3817
24327,2086,5065
24328,2086,4810
24332,2086,4598
24333,2086,3256
24334,2086,2558
24335,2086,4293
24337,2086,2979
24338,2086,2527
24339,2086,4804
24340,2086,5621
24343,2086,5599
24656,2113,3696
24662,2113,3550
24765,2129,4101
24766,2129,3008
24860,2141,3305
24862,2141,5718
24865,2141,3768
24866,2141,4193
24867,2141,3229
24868,2141,2634
24871,2141,5705
24872,2141,3211
24874,2141,4333
24875,2141,2925
25157,2171,2527
25158,2171,2558
25194,2175,4739
25195,2175,3283
25199,2175,3924
25200,2175,2842
25202,2175,2798
25203,2175,3027
25204,2175,2469
25205,2175,4100
25206,2175,4144
25207,2175,2372
25209,2175,4520
25214,2178,5666
25257,2182,4954
25369,2202,3611
25371,2202,4439
25372,2202,3965
25373,2202,5545
25376,2202,3080
25380,2202,5533
25381,2202,4642
25382,2202,3957
25383,2202,5188
25384,2202,3321
25387,2202,3452
25391,2202,2673
25413,2205,4680
25414,2205,5263
25415,2205,3260
25417,2205,3694
25420,2205,4155
25421,2205,4911
25505,2217,5396
25849,2260,4680
25850,2260,5855
25853,2260,3694
25854,2260,5093
25855,2260,5312
25857,2260,3242
25897,2272,3008
25980,2292,4122
25981,2292,3748
25984,2292,4637
25986,2292,4210
26920,2372,4541
26921,2372,3027
26922,2372,2842
27147,2395,3027
27148,2395,3283
27150,2395,2469
27267,2413,3752
27288,2417,3752
27712,4193,5718
27713,4193,3768
27714,4193,2612
27715,4193,3229
27716,4193,2634
27722,4193,5705
27723,4193,3211
27724,4193,3637
27726,4193,4333
27727,4193,2925
27729,4193,4228
27747,2482,3008
27843,2497,3008
27956,2514,4954
27957,2514,3413
28076,2524,2792
28077,2524,4185
28078,2524,3622
28079,2524,4749
28084,2524,3372
28085,2524,3099
28090,2524,5093
28092,2524,2730
28093,2524,2639
28097,2524,2647
28098,2524,4498
28100,2524,2555
28102,2524,3242
28103,2524,3489
28106,2524,2569
28107,2524,3684
28108,2524,2759
28109,2524,4598
28111,2524,5154
28115,2524,4978
28117,2524,4157
28118,2524,5855
28119,2524,4537
28121,2524,4911
28140,2527,2764
28142,2527,2702
28144,2527,4810
28147,2527,4856
28151,2527,2916
28152,2527,3817
28154,2527,5779
28156,2527,2540
28157,2527,5065
28159,2527,5574
28160,2527,3256
28161,2527,4914
28162,2527,2558
28163,2527,4293
28164,2527,2979
28166,2527,4804
28167,2527,5621
28171,2527,5599
28243,2540,4293
28244,2540,4810
28245,2540,2979
28246,2540,5574
28247,2540,2558
28249,2540,5785
28251,2540,5599
28375,2555,4914
28377,2555,2979
28379,2555,5093
28380,2555,3242
28381,2555,3489
28382,2555,4810
28384,2555,3684
28386,2555,4598
28389,2555,3099
28390,2555,4537
28391,2555,2647
28392,2555,5785
28394,2555,4911
28403,2558,2702
28405,2558,4810
28410,2558,4914
28412,2558,2916
28413,2558,3817
28414,2558,5065
28415,2558,5779
28418,2558,5574
28419,2558,3256
28421,2558,4293
28422,2558,2979
28423,2558,4804
28424,2558,5621
28426,2558,5599
28461,2565,3849
28463,2565,3550
28465,2565,4156
28466,2565,4796
28467,2565,5678
28468,2565,3699
28470,2565,2612
28476,2565,5729
28477,2565,3609
28478,2565,5420
28479,2565,4217
28480,2565,4632
28482,2565,4759
28494,2569,4978
28497,2569,3874
28500,2569,2639
28503,2569,5154
28505,2569,3099
28508,2569,5855
28741,2600,4680
28742,2600,4185
28743,2600,5855
28745,2600,4155
28746,2600,5263
28747,2600,4911
28793,2612,5729
28794,2612,3099
28795,2612,4759
28799,2612,4217
28800,2612,2634
28804,2612,3211
28806,2612,4500
28808,2612,3768
28812,2612,4796
28813,2612,3957
28814,2612,4883
28820,2612,5420
28821,2612,2673
28824,2612,4156
28825,2612,3315
28826,2612,3506
28831,2612,3603
28832,2612,3696
28833,2612,5705
28837,2612,3609
28990,3909,2932
29008,2634,4333
29009,2634,5718
29014,2634,3229
29015,2634,4883
29022,2634,5086
29024,2634,5705
29025,2634,3182
29026,2634,3211
29028,2634,2925
29030,2634,4759
29063,2639,2792
29066,2639,3874
29067,2639,3053
29068,2639,3622
29069,2639,5455
29072,2639,5093
29080,2639,3372
29081,2639,5154
29082,2639,4157
29083,2639,3099
29085,2639,4537
29087,2639,4978
29091,2639,4911
29169,2647,2792
29170,2647,3242
29174,2647,3489
29175,2647,2730
29176,2647,5093
29177,2647,4749
29178,2647,4537
29179,2647,4185
29181,2647,3684
29183,2647,2759
29184,2647,4598
29187,2647,3099
29189,2647,2979
29191,2647,5785
29193,2647,5855
29195,2647,4911
29196,2647,5599
29339,2673,3611
29341,2673,5545
29344,2673,4642
29345,2673,3957
29346,2673,3321
29348,2673,4217
29430,2687,3008
29511,2696,3465
29514,2696,5811
29515,2696,5666
29516,2696,3193
29580,2702,4293
29582,2702,2979
29583,2702,5574
29584,2702,5621
29697,2718,5396
29818,2730,3694
29820,2730,5093
29823,2730,3489
29825,2730,3684
29827,2730,2759
29828,2730,4598
29830,2730,3099
29831,2730,5785
29833,2730,5855
29834,2730,4498
29835,2730,4911
29949,2740,5605
30052,2759,5093
30056,2759,3622
30058,2759,3489
30059,2759,4749
30063,2759,3684
30066,2759,4598
30068,2759,3099
30070,2759,5855
30116,2764,4914
30117,2764,4293
30118,2764,4810
30119,2764,5574
30306,2787,3008
30328,2792,5093
30331,2792,4749
30332,2792,3489
30333,2792,3684
30335,2792,4598
30337,2792,4293
30338,2792,4537
30339,2792,5785
30384,4896,4413
30385,4896,4796
30386,4896,5737
30389,4896,5729
30415,2805,5428
30417,2805,4448
30420,2805,4549
30640,2842,4541
30641,2842,4739
30642,2842,3283
30646,2842,3924
30647,2842,5474
30650,2842,2798
30651,2842,3027
30652,2842,2469
30654,2842,4100
30656,2842,4520
30771,2868,3315
30772,2868,4156
30773,2868,3696
31086,2916,4293
31087,2916,4810
31088,2916,2979
31129,5605,5666
31130,5605,5568
31131,5605,3193
31132,5605,3771
31137,2925,5718
31139,2925,3768
31141,2925,3229
31142,2925,3315
31146,2925,5705
31147,2925,3182
31148,2925,4883
31149,2925,3637
31151,2925,4333
31154,2925,4759
31216,2932,3757
31221,2932,3269
31294,2946,4954
31298,2946,5679
31420,5786,3008
31439,5829,4954
31440,5829,3413
31451,2469,4541
31452,2469,4739
31453,2469,3283
31455,2469,4855
31458,2469,3924
31459,2469,5474
31461,2469,2798
31462,2469,3027
31465,2469,4100
31466,2469,3126
31467,2469,4144
31469,2469,4520
31505,2979,4810
31508,2979,4856
31509,2979,3242
31510,2979,4914
31511,2979,3817
31512,2979,5621
31513,2979,5779
31515,2979,5065
31517,2979,4598
31519,2979,5574
31521,2979,3256
31523,2979,3099
31524,2979,4293
31527,2979,4804
31528,2979,5785
31530,2979,5855
31532,2979,5599
31582,2993,4888
31583,2993,4111
31587,2993,3269
31680,3008,4462
31681,3008,3522
31682,3008,3168
31683,3008,4088
31687,3008,4001
31689,3008,3155
31690,3008,5641
31691,3008,3727
31693,3008,4101
31695,3008,4381
31705,3008,4299
31708,3008,3016
31712,3008,5210
31716,3008,3296
31717,3008,5034
31720,3008,3463
31721,3008,5488
31723,3008,1920
31724,3008,5670
31729,3008,3485
31730,3008,5723
31737,3008,4054
31747,3008,5509
31748,3008,5077
31749,3008,3507
31751,3008,3510
31754,3008,3702
31759,3008,5350
31762,3008,5707
31765,3008,4460
31769,3008,3710
31826,3016,4299
31828,3016,5670
31831,3018,5855
31859,3027,4541
31860,3027,4739
31861,3027,3283
31863,3027,4855
31865,3027,3924
31866,3027,5474
31868,3027,2798
31871,3027,4100
31872,3027,3126
31873,3027,4144
31875,3027,4520
32039,3053,5154
32040,3053,3099
32204,3080,3696
32206,3080,3211
32349,3099,5093
32351,3099,4185
32352,3099,3622
32353,3099,4749
32354,3099,5455
32356,3099,4005
32361,3099,4759
32372,3099,5855
32373,3099,4498
32377,3099,5574
32380,3099,3242
32381,3099,5678
32383,3099,3489
32387,3099,3684
32389,3099,4598
32391,3099,5154
32392,3099,4804
32393,3099,5785
32395,3099,3327
32398,3099,3817
32399,3099,4978
32401,3099,3874
32407,3099,3603
32410,3099,4537
32413,3099,4911
32549,3126,4739
32550,3126,4144
32899,3182,3229
32900,3182,3211
32901,3182,4333
32902,3182,4228
32903,3182,5705
32971,3193,4400
32976,3193,5666
32977,3193,4562
32986,3200,5737
32987,3200,4005
32988,3200,5729
33057,3211,4217
33060,3211,4500
33064,3211,3696
33066,3211,3506
33068,3211,3768
33071,3211,4796
33073,3211,4005
33075,3211,3609
33077,3211,3603
33080,3211,5086
33081,3211,4156
33083,3211,5420
33084,3211,4759
33223,3229,5718
33225,3229,3768
33228,3229,5729
33229,3229,5705
33231,3229,4333
33232,3229,4228
33281,3239,3752
33284,3239,5396
33328,3256,5574
33331,3256,4293
33333,3256,5621
33354,3260,5263
33355,3260,4498
33356,3260,5093
33357,3260,5202
33359,3260,4185
33361,3260,3948
33362,3260,5312
33363,3260,3489
33365,3260,5683
33367,3260,4680
33368,3260,5785
33369,3260,5855
33370,3260,4155
33371,3260,4911
33415,3264,4122
33417,3264,4565
33419,3264,3413
33420,3264,4954
33427,3264,5679
33572,3283,4541
33573,3283,2798
33574,3283,4739
33575,3283,3924
33577,3283,4100
33633,3512,4775
33655,1920,5670
33660,1920,4088
33663,1920,5210
33666,3305,5718
33670,3305,5705
33672,3305,4333
33745,3315,3696
33747,3315,4333
33792,3321,3611
33794,3321,4439
33798,3321,3506
33799,3321,5678
33801,3321,5533
33802,3321,4642
33803,3321,3957
33804,3321,5188
33807,3321,5545
33808,3321,4217
34166,3372,4978
34168,3372,4157
34169,3372,3622
34171,3372,5455
34174,3372,5154
34229,3379,4998
34231,3379,4111
34232,3379,3673
34233,3379,3675
34234,3379,4239
34236,3379,5389
34237,3379,3757
34406,3413,4565
34407,3413,4954
34409,3413,3748
34412,3413,5679
34605,3452,3957
34606,3452,4439
34607,3452,5188
34608,3452,5545
34609,3452,3611
34625,3457,3757
34760,3489,3694
34762,3489,5202
34765,3489,3242
34766,3489,4185
34767,3489,3622
34770,3489,3817
34771,3489,5093
34772,3489,4749
34776,3489,3684
34778,3489,4598
34780,3489,5154
34782,3489,4537
34783,3489,5785
34784,3489,5855
34786,3489,5284
34787,3489,4911
34876,3506,3696
34881,3506,4796
34882,3506,4005
34883,3506,3957
34884,3506,3603
34886,3506,4156
34887,3506,4217
34890,3506,3609
34891,3507,4299
35124,3550,4413
35127,3550,3699
35129,3550,3849
35130,3550,4128
35132,3550,5729
35453,3600,4299
35462,3603,3611
35469,3603,3696
35470,3603,4156
35471,3603,4642
35472,3603,5188
35473,3603,4005
35477,3603,5729
35478,3603,4217
35481,3603,3609
35499,3609,4500
35502,3609,3696
35505,3609,5729
35506,3609,5420
35508,3609,4759
35514,3611,4439
35515,3611,3965
35516,3611,5545
35522,3611,5533
35523,3611,4642
35525,3611,3957
35526,3611,5188
35529,3611,4217
35597,3622,4978
35599,3622,3874
35602,3622,5455
35606,3622,3684
35608,3622,4598
35609,3622,5154
35610,3622,4157
35611,3622,5855
35613,3623,4299
35661,3637,4333
35714,3242,5093
35715,3242,4185
35716,3242,4749
35718,3242,3684
35720,3242,4598
35722,3242,4293
35724,3242,4537
35725,3242,5785
35726,3242,5855
35728,3242,5599
35969,3684,3694
35974,3684,4185
35977,3684,4549
35978,3684,5093
35979,3684,4749
35983,3684,4598
35987,3684,4537
35988,3684,3747
35989,3684,5785
35991,3684,5855
35993,3684,4911
36021,3694,5263
36023,3694,5093
36024,3694,4185
36025,3694,4598
36027,3694,4680
36028,3694,5785
36029,3694,5855
36031,3694,4498
36039,3696,4323
36045,3696,4156
36048,3696,4217
36052,3696,4005
36053,3696,4883
36056,3696,4500
36057,3696,1436
36059,3696,4796
36060,3696,5420
36061,3696,4759
36067,3699,4413
36071,3699,5729
36140,3717,5071
36278,3747,5855
36279,3748,4637
36295,3752,3994
36335,3760,5785
36336,3760,5855
36370,3768,5718
36375,3768,5705
36377,3768,4333
36378,3768,4228
36386,3771,5666
36584,3817,4914
36586,3817,5574
36588,3817,4598
36589,3817,4293
36591,3817,4804
36592,3817,5621
36741,3849,4632
36742,3849,5737
36744,3849,5729
36833,3874,4978
36838,3874,5154
36909,5545,4439
36910,5545,3965
36912,5545,5533
36913,5545,4642
36914,5545,3957
36915,5545,5188
36931,4598,4185
36932,4598,4749
36933,4598,4293
36935,4598,5093
36938,4598,4680
36939,4598,5855
36940,4598,4498
36945,4598,4804
36946,4598,5785
36948,4598,5779
36952,4598,4537
36953,4598,5621
36954,4598,4911
37051,3924,2798
37053,3924,4739
37054,3924,4144
37056,3924,4100
37135,3948,4680
37136,3948,5202
37137,3948,5312
37138,3948,4155
37184,3957,4439
37185,3957,3965
37186,3957,5533
37187,3957,4642
37188,3957,5188
37190,3957,5729
37192,3957,4759
37209,3965,4642
37324,3994,5396
37349,4005,5737
37350,4005,4796
37351,4005,5729
37352,4005,5420
37354,4005,4759
37801,4088,4299
37833,4100,4541
37834,4100,4739
37836,4100,2798
37838,4100,4144
37937,4122,4954
37938,4122,5679
37964,4128,4413
37965,4128,5420
37966,4128,5729
38017,4144,4541
38018,4144,4739
38019,4144,4855
38020,4144,5474
38022,4144,2798
38023,4144,4520
38066,4155,5263
38067,4155,5093
38068,4155,5312
38069,4155,4680
38070,4155,4911
38071,4155,5729
38075,4156,5678
38079,4156,5086
38080,4156,5729
38081,4156,4537
38082,4156,4759
38084,4157,5154
38085,4157,4978
38223,4185,5093
38224,4185,5202
38227,4185,4749
38228,4185,5785
38229,4185,5855
38230,4185,4498
38231,4185,4911
38358,4217,4439
38359,4217,5678
38360,4217,4642
38365,4217,5086
38366,4217,5729
38367,4217,4759
38400,4228,5705
38402,4228,4333
38483,4250,4299
38640,4293,4856
38641,4293,4914
38643,4293,4804
38644,4293,5621
38665,4299,5670
38669,4299,5509
38783,4333,5718
38784,4333,4583
38789,4333,5705
38867,4354,5417
38903,5086,4883
38905,5086,5705
38997,4400,4556
39067,4413,5737
39068,4413,5729
39070,4414,5417
39151,4437,5855
39156,4439,4642
39191,4448,5428
39193,4448,4549
39358,4498,5093
39359,4498,5202
39360,4498,4749
39361,4498,5683
39362,4498,5729
39363,4498,5785
39364,4498,5855
39373,4500,4796
39433,4520,2798
39434,4520,4739
39435,4520,4855
39481,4537,5093
39484,4537,5154
39485,4537,5785
39486,4537,5855
39494,4541,4739
39495,4541,4855
39496,4541,5474
39518,4549,5451
39520,4549,5428
39522,4549,5855
39545,4556,5666
39562,4565,4954
39565,4565,5679
39600,4583,5705
39602,4583,4759
39767,4632,5729
39779,4642,5188
39885,4680,4943
39886,4680,5855
39887,4680,4911
39943,4704,5765
40023,4739,4855
40025,4739,5474
40026,4739,2798
40045,4749,5093
40049,4749,5785
40051,4749,4911
40090,4759,4796
40092,4759,4883
40097,4759,5729
40098,4759,5705
40100,4759,5420
40193,4796,5737
40195,4796,4883
40197,4796,5729
40198,4796,5420
40213,4804,4914
40215,4804,4810
40216,4804,5574
40218,4804,5779
40220,4804,5621
40228,4810,4914
40229,4810,5574
40338,4855,2798
40340,4856,5621
40479,4883,5729
40480,4883,5705
40489,4888,5765
40534,4911,5093
40535,4911,5202
40538,4911,5065
40539,4911,5855
40541,4911,5785
40552,4914,5574
40554,4914,5621
40555,4914,5785
40556,4914,5855
40669,4954,5679
40754,4978,5154
40755,4978,5855
40851,5065,5779
40852,5065,5574
40854,5065,5621
40855,5065,5785
40856,5065,5855
40857,5065,5599
40956,5093,5202
40958,5093,5263
40960,5093,5855
40962,5093,5312
40964,5093,5785
41064,5154,5455
41066,5154,5785
41067,5154,5855
41117,5188,5533
41128,5202,5785
41129,5202,5855
41197,5263,5729
41214,5284,5855
41251,5312,5855
41252,5312,5729
41334,5385,5666
41403,5420,5729
41420,5428,5451
41450,5455,5855
41546,5574,5779
41548,5574,5621
41549,5574,5599
41585,5621,5779
41631,5678,5729
41634,5679,5855
41637,5683,5855
41638,5683,5729
41651,5705,5718
41691,5785,5779
41692,5785,5855
